subject,title,author,first_publish_year,book_age_years,publication_era,edition_count,language
history,1776,David McCullough,2006,20,2000+,1,eng
history,21 Lessons for the 21st Century,Yuval Noah Harari,2018,8,2000+,33,pol
history,A Distant Mirror,Barbara Tuchman,1600,426,Pre-1900,46,eng
history,A History of Western Philosophy,Bertrand Russell,1945,81,1900-1949,14,eng
history,A People's History of the United States,Howard Zinn,1980,46,1950-1999,44,chi
history,A Room of One's Own,Virginia Woolf,1929,97,1900-1949,303,spa
history,A Study of History,Arnold J. Toynbee,1900,126,1900-1949,119,chi
history,A Walk in the Woods,Bill Bryson,1997,29,1950-1999,35,ger
history,A history of India,Romila Thapar,1965,61,1950-1999,8,eng
history,A history of Western architecture,David Watkin,1986,40,1950-1999,10,eng
history,A history of the English-speaking peoples,Winston S. Churchill,1950,76,1950-1999,211,eng
history,A history of the modern world,R. R. Palmer,1950,76,1950-1999,23,eng
history,A short history of chemistry,Isaac Asimov,1965,61,1950-1999,8,eng
history,A short history of nearly everything,Bill Bryson,2003,23,2000+,57,srp
history,Abraham Lincoln,Carl Sandburg,1926,100,1900-1949,74,eng
history,After the fact,James West Davidson,1981,45,1950-1999,22,eng
history,America,David E. Shi,2000,26,2000+,45,eng
history,America,George Brown Tindall,1984,42,1950-1999,66,eng
history,America,Mary Lynn Rampolla,1998,28,1950-1999,45,eng
history,American Odyssey,Gary B. Nash,1991,35,1950-1999,10,eng
history,An echo in the darkness,Francine Rivers,1994,32,1950-1999,17,spa
history,Anak Semua Bangsa,Pramoedya Ananta Toer,1973,53,1950-1999,13,chi
history,"Ancient, Medieval, and Non-European Art",Helen Gardner,1980,46,1950-1999,17,eng
history,Art,Frederick Hartt,1969,57,1950-1999,37,eng
history,Art history,Marilyn Stokstad,1995,31,1950-1999,46,eng
history,Before the Mayflower,Lerone Bennett,1960,66,1950-1999,50,eng
history,Bumi Manusia,Pramoedya Ananta Toer,1972,54,1950-1999,18,dut
history,Capitalist Realism,Mark Fisher,2009,17,2000+,7,por
history,Debt,David Graeber,2011,15,2000+,11,tur
history,Der Untergang des Abendlandes,Oswald Spengler,1918,108,1900-1949,139,eng
history,Discovering Classical Music,Ian Christians,1991,35,1950-1999,125,eng
history,Documentary sources of Philippine history,Gregorio F. Zaide,1990,36,1950-1999,1,eng
history,Freedom at Midnight,Dominique Lapierre,1975,51,1950-1999,48,guj
history,"Genova, Ragusa, mare =",Unknown,1993,33,1950-1999,1,ita
history,Give Me Liberty!,Eric Foner,2004,22,2000+,12,eng
history,"Guns, germs, and steel",Jared M. Diamond,1997,29,1950-1999,58,ger
history,"Götter, Gräber und Gelehrte",C. W. Ceram,1949,77,1900-1949,114,ger
history,History,Herodotus,1494,532,Pre-1900,282,ger
history,History of Africa,Kevin Shillington,1989,37,1950-1999,12,eng
history,"History of Egypt, Chaldea, Syria, Babylonia, And Assyria",Gaston Maspero,1901,125,1900-1949,27,eng
history,History of art,H. W. Janson,1962,64,1950-1999,48,eng
history,History of the Decline and Fall of the Roman Empire Complete and Unabridged,Edward Gibbon,1776,250,Pre-1900,222,eng
history,History of the Filipino People,Teodoro A. Agoncillo,1969,57,1950-1999,4,eng
history,Ioannis Zonarae Annales,"Zonaras, Joannes",1841,185,Pre-1900,1,mul
history,Islam,Karen Armstrong,2000,26,2000+,13,eng
history,Killers of the Flower Moon,David Grann,2017,9,2000+,19,spa
history,Kleine Geschichten aus Thüringen,Unknown,1991,35,1950-1999,1,ger
history,La conquête du pain,Peter Kropotkin,1892,134,Pre-1900,146,ger
history,La dame de Monsoreau,Alexandre Dumas,1840,186,Pre-1900,130,eng
history,Letters from a father to his daughter,Jawaharlal Nehru,1930,96,1900-1949,15,pan
history,Letters on demonology and witchcraft,Sir Walter Scott,1830,196,Pre-1900,32,eng
history,Lies My Teacher Told Me,James W. Loewen,1994,32,1950-1999,29,spa
history,Manifest der Kommunistischen Partei,Karl Marx,1848,178,Pre-1900,459,cze
history,Mga gunita ng himagsikan,Emilio Aguinaldo,1998,28,1950-1999,1,tgl
history,On Tyranny,Timothy Snyder,2017,9,2000+,21,nob
history,Osman's Dream,Caroline Finkel,2005,21,2000+,10,eng
history,P'ing-yang hsien chih,Unknown,1970,56,1950-1999,1,chi
history,Philippine history and government,Gregorio F. Zaide,1938,88,1900-1949,3,eng
history,Piacenza nella storia,Unknown,1990,36,1950-1999,1,ita
history,Postwar,Tony Judt,2005,21,2000+,18,pol
history,Prehispanic source materials for the study of Philippine history,William Henry Scott,1984,42,1950-1999,1,eng
history,Ringkasan sejarat filsafat,K. Bertens,1975,51,1950-1999,1,eng
history,Rizal without the overcoat,Ambeth R. Ocampo,1990,36,1950-1999,3,eng
history,Sapiens,Yuval Noah Harari,2011,15,2000+,86,ger
history,Siete breves lecciones de física,Carlo Rovelli,2014,12,2000+,13,ita
history,Sleep walkers,Arthur Koestler,1959,67,1950-1999,26,eng
history,The Age of Revolution,Eric Hobsbawm,1962,64,1950-1999,66,por
history,The Art of Seduction,Robert Greene,2001,25,2000+,22,eng
history,The Art of War,孙武 (Sun Tzu),1900,126,1900-1949,1542,por
history,The Dawn of Everything,David Graeber,2021,5,2000+,17,ita
history,The Destruction of black civilisation,Chancellor Williams,1971,55,1950-1999,13,eng
history,The Eagle of the Ninth. 1400 Grundwörter.,Rosemary Sutcliff,1954,72,1950-1999,33,jpn
history,The Emperor of All Maladies,Siddhartha Mukherjee,2010,16,2000+,29,spa
history,The Enduring Vision,Paul S. Boyer,1987,39,1950-1999,110,eng
history,The Great Transformation,Karl Polanyi,1944,82,1900-1949,33,chi
history,The Lessons of History,Will Durant,1968,58,1950-1999,21,per
history,The Mother Tongue,Bill Bryson,1656,370,Pre-1900,29,chi
history,"The Muqaddimah, an introduction to history",Ibn Khaldūn,1858,168,Pre-1900,54,urd
history,The Outline of History,H. G. Wells,1919,107,1900-1949,81,eng
history,The Palace of Illusions,Chitra Banerjee Divakaruni,2008,18,2000+,3,eng
history,The Rise and Fall of the Third Reich,William L. Shirer,1901,125,1900-1949,44,rus
history,The Silk Roads,Peter Frankopan,2015,11,2000+,16,eng
history,The Story of Civilization I,Will Durant,1935,91,1900-1949,38,heb
history,The Story of Philosophy,Will Durant,1926,100,1900-1949,141,urd
history,The Unfinished Nation,Alan Brinkley,1993,33,1950-1999,49,eng
history,The ascent of money,Niall Ferguson,2008,18,2000+,17,kor
history,The business world,Unknown,1912,114,1900-1949,1,eng
history,The discovery of India,Jawaharlal Nehru,1946,80,1900-1949,44,urd
history,The great conversation,Norman Melchert,1991,35,1950-1999,37,eng
history,"The influence of sea power upon history, 1660-1783",Alfred Thayer Mahan,1890,136,Pre-1900,61,eng
history,The story of art,E. H. Gombrich,1950,76,1950-1999,44,wel
history,The world of William Penn,Genevieve Foster,1973,53,1950-1999,4,eng
history,The worldly philosophers,Robert L. Heilbroner,1953,73,1950-1999,66,gre
history,Thirty years of the Soviet state,Unknown,1947,79,1900-1949,1,eng
history,Traditions & encounters,Jerry H. Bentley,1999,27,1950-1999,43,eng
history,Tragedy and hope,Carroll Quigley,1966,60,1950-1999,10,eng
history,Tragedy of Hyderabad,Mir Laik Ali,1962,64,1950-1999,1,eng
history,Twelve years a slave,Solomon Northup,1853,173,Pre-1900,1029,tur
history,What happened in history,V. Gordon Childe,1942,84,1900-1949,37,eng
history,ההיסטוריה של המחר,Yuval Noah Harari,2015,11,2000+,35,ita
science,2001,Arthur C. Clarke,1968,58,1950-1999,116,ger
science,"2010, odyssey two",Arthur C. Clarke,1982,44,1950-1999,41,ita
science,A Briefer History of Time,Stephen Hawking,2005,21,2000+,34,spa
science,A Closed and Common Orbit,Becky Chambers,2016,10,2000+,12,por
science,A Deepness in the Sky (Zones of Thought),Vernor Vinge,1999,27,1950-1999,10,eng
science,A Fire upon the Deep,Vernor Vinge,1992,34,1950-1999,24,fre
science,A Modern Utopia,H. G. Wells,1900,126,1900-1949,102,cze
science,A short history of nearly everything,Bill Bryson,2003,23,2000+,57,srp
science,Abaddon’s Gate,James S. A. Corey,2013,13,2000+,12,eng
science,Altered Carbon. Vol. 1,Richard K. Morgan,2002,24,2000+,28,eng
science,Ancillary Sword,Ann Leckie,2014,12,2000+,7,eng
science,Artemis,Andy Weir,2017,9,2000+,33,ger
science,Astrophysics for People in a Hurry,Neil deGrasse Tyson,2017,9,2000+,15,pol
science,Biology,Neil Alexander Campbell,1987,39,1950-1999,57,eng
science,Blindsight,Peter Watts,2006,20,2000+,12,eng
science,Brief Answers to the Big Questions,Stephen Hawking,2014,12,2000+,16,tur
science,Broken Angels,Richard K. Morgan,2003,23,2000+,16,eng
science,Bumi Manusia,Pramoedya Ananta Toer,1972,54,1950-1999,18,dut
science,Burning Chrome,William Gibson,1986,40,1950-1999,24,rum
science,Chapterhouse Dune,Frank Herbert,1985,41,1950-1999,35,eng
science,Contact,Carl Sagan,1985,41,1950-1999,50,tur
science,Dawn,Octavia E. Butler,1987,39,1950-1999,19,ger
science,Death's End (The Three-Body Problem Series Book 3),刘慈欣,2010,16,2000+,27,ger
science,Defy Me (Shatter Me),Tahereh Mafi,2019,7,2000+,8,eng
science,Destroy Me,Tahereh Mafi,2012,14,2000+,4,dut
science,Diaspora,Greg Egan,1997,29,1950-1999,12,eng
science,Discrete Mathematics with Applications,Susanna S. Epp,1990,36,1950-1999,16,eng
science,Dune,Frank Herbert,1965,61,1950-1999,120,ger
science,Dune Messiah,Frank Herbert,1969,57,1950-1999,70,tur
science,Endymion,Dan Simmons,1995,31,1950-1999,18,eng
science,Foundation,Isaac Asimov,1951,75,1950-1999,99,eng
science,Foundation and Earth,Isaac Asimov,1986,40,1950-1999,48,ger
science,Foundation and Empire,Isaac Asimov,1945,81,1900-1949,82,tur
science,Friday,Robert A. Heinlein,1982,44,1950-1999,25,ger
science,Geography,Harm J. de Blij,1971,55,1950-1999,31,eng
science,God Emperor of Dune,Frank Herbert,1981,45,1950-1999,40,ger
science,Green Mars,Kim Stanley Robinson,1993,33,1950-1999,30,ita
science,Heretics of Dune,Frank Herbert,1984,42,1950-1999,35,eng
science,I Have No Mouth and I Must Scream,Harlan Ellison,1972,54,1950-1999,5,eng
science,International Review of Cell and Molecular Biology,Kwang W. Jeon,2008,18,2000+,95,eng
science,Kongres futurologiczny,Stanisław Lem,1974,52,1950-1999,25,pol
science,Les Robots,Isaac Asimov,1950,76,1950-1999,98,por
science,Lucifer's Hammer,Larry Niven,1977,49,1950-1999,13,eng
science,Microbiology,Gerard J. Tortora,1982,44,1950-1999,80,eng
science,Minority Report,Philip K. Dick,1998,28,1950-1999,14,eng
science,Nemesis Games,James S. A. Corey,2015,11,2000+,14,eng
science,Nightfall,Isaac Asimov,1969,57,1950-1999,27,rus
science,On Basilisk Station,David Weber,1993,33,1950-1999,18,ger
science,Pandora's Star,Peter F. Hamilton,2004,22,2000+,12,ger
science,Pebble in the Sky,Isaac Asimov,1950,76,1950-1999,42,ita
science,Prelude to Foundation,Isaac Asimov,1988,38,1950-1999,43,eng
science,Principles of Anatomy and Physiology,Gerard J. Tortora,1975,51,1950-1999,218,ind
science,Project Hail Mary,Andy Weir,2021,5,2000+,29,ger
science,Protector,Larry Niven,1973,53,1950-1999,19,eng
science,Robots and Empire,Isaac Asimov,1985,41,1950-1999,26,fre
science,Rocannon's World,Ursula K. Le Guin,1966,60,1950-1999,26,ita
science,Sapiens,Yuval Noah Harari,2011,15,2000+,86,ger
science,Shards of Honor,Lois McMaster Bujold,1986,40,1950-1999,10,eng
science,Shatter Me Complete Collection,Tahereh Mafi,2011,15,2000+,4,eng
science,Snow Crash,Neal Stephenson,1992,34,1950-1999,41,ita
science,Solaris,Stanisław Lem,1961,65,1950-1999,76,tur
science,Starship Troopers,Robert A. Heinlein,1959,67,1950-1999,60,ita
science,The 48 Laws of Power,Robert Greene,1998,28,1950-1999,55,ger
science,The Caves of Steel,Isaac Asimov,1953,73,1950-1999,61,ger
science,The Chrysalids,John Wyndham,1955,71,1950-1999,37,eng
science,The Currents of Space,Isaac Asimov,1952,74,1950-1999,46,chi
science,The Dark Forest (The Three-Body Problem Series Book 2),刘慈欣,2008,18,2000+,30,chi
science,The Day of the Triffids,John Wyndham,1951,75,1950-1999,63,eng
science,The Demon-Haunted World,Carl Sagan,1995,31,1950-1999,33,tur
science,The Diamond Age,Neal Stephenson,1995,31,1950-1999,28,eng
science,The Difference Engine,William Gibson,1990,36,1950-1999,28,ita
science,The End of Eternity,Isaac Asimov,1955,71,1950-1999,62,ita
science,The Fall of Hyperion,Dan Simmons,1990,36,1950-1999,29,eng
science,The Foundation Trilogy,Isaac Asimov,1950,76,1950-1999,54,eng
science,The Gods Themselves,Isaac Asimov,1972,54,1950-1999,49,ita
science,The Gods of Mars,Edgar Rice Burroughs,1918,108,1900-1949,315,eng
science,The Last Colony,John Scalzi,2007,19,2000+,11,por
science,"The Long Way to a Small, Angry Planet",Becky Chambers,2014,12,2000+,21,chi
science,The Martian,Andy Weir,2011,15,2000+,74,rum
science,The Martian Chronicles,Ray Bradbury,1950,76,1950-1999,138,eng
science,The Mote in God's Eye,Larry Niven,1974,52,1950-1999,31,eng
science,The Naked Sun,Isaac Asimov,1954,72,1950-1999,52,chi
science,The Number of the Beast,Robert A. Heinlein,1980,46,1950-1999,19,heb
science,The Ringworld throne,Larry Niven,1996,30,1950-1999,11,ger
science,The Rise of Endymion,Dan Simmons,1997,29,1950-1999,14,fre
science,The Robots of Dawn,Isaac Asimov,1983,43,1950-1999,41,ita
science,The Science Fiction Hall of Fame -- Volume One,Robert Silverberg,1970,56,1950-1999,31,eng
science,The Sirens of Titan,Kurt Vonnegut,1959,67,1950-1999,31,eng
science,The Stars My Destination,Alfred Bester,1956,70,1950-1999,25,eng
science,"The Stars, Like Dust",Isaac Asimov,1951,75,1950-1999,47,por
science,The player of games,Iain Banks,1988,38,1950-1999,23,fre
science,Ubik,Philip K. Dick,1969,57,1950-1999,68,ita
science,Use of Weapons,Iain Banks,1990,36,1950-1999,16,fre
science,Virtual light,William Gibson,1743,283,Pre-1900,26,nor
science,What If?,Randall Munroe,1980,46,1950-1999,44,eng
science,"Works (Hitch Hiker's Guide to the Galaxy / Restaurant at the End of the Universe / Life, the Universe and Everything / So Long, and Thanks for All the Fish / Mostly Harmless / Young Zaphod Plays it Safe)",Douglas Adams,1996,30,1950-1999,10,kor
science,Xenocide,Orson Scott Card,1991,35,1950-1999,38,eng
science,Понедельник начинается в субботу; Пикник на обочине,Аркадий Стругацкий,1978,48,1950-1999,23,por
science,三体,刘慈欣,2008,18,2000+,41,eng
technology,Abundance,Peter H. Diamandis,2012,14,2000+,5,eng
technology,All Tomorrow's Parties,William Gibson,1999,27,1950-1999,21,spa
technology,Bad Blood,John Carreyrou,2018,8,2000+,19,chi
technology,Book of CODESYS,Gary Pratt,2021,5,2000+,1,eng
technology,Building a Second Brain,Tiago Forte,2022,4,2000+,8,eng
technology,"CGEIT Review Manual, 8th Edition",Isaca,2020,6,2000+,1,eng
technology,Computer Concepts and Management Information Systems,C. P. Gupta,2020,6,2000+,3,eng
technology,Computer Confluence,George Beekman,1997,29,1950-1999,26,eng
technology,Connections,"Burke, James",1978,48,1950-1999,10,eng
technology,Crossing the Chasm,Geoffrey A. Moore,1991,35,1950-1999,21,eng
technology,Dark Matter,Blake Crouch,2016,10,2000+,22,por
technology,Democratizing innovation,Eric von Hippel,2005,21,2000+,6,eng
technology,Demon Seed,Dean Koontz,1973,53,1950-1999,26,ger
technology,Design Is a Job,Mike Monteiro,2012,14,2000+,1,eng
technology,Digital Electronics,William Kleitz,1987,39,1950-1999,24,eng
technology,Digital Minimalism,Cal Newport,2019,7,2000+,9,eng
technology,Digital electronics,James Bignell,1985,41,1950-1999,6,eng
technology,Elon Musk,Ashlee Vance,2013,13,2000+,22,pol
technology,"Engineering Mechanics, Statics & Dynamics",R. C. Hibbeler,1974,52,1950-1999,55,eng
technology,Engineering tribology,G. W. Stachowiak,1993,33,1950-1999,11,eng
technology,Engines that move markets,Alasdair G. M. Nairn,2002,24,2000+,1,eng
technology,Extreme Privacy,Michael Bazzell,2019,7,2000+,5,eng
technology,"Fall; or, Dodge in Hell",Neal Stephenson,2019,7,2000+,9,eng
technology,Fluid mechanics,Pijush K. Kundu,1990,36,1950-1999,14,eng
technology,Fluid power with applications,Anthony Esposito,1980,46,1950-1999,8,eng
technology,Good to Great,Jim Collins,2001,25,2000+,4,eng
technology,Grunch of giants,R. Buckminster Fuller,1983,43,1950-1999,4,eng
technology,Hello world,Hannah Fry,2018,8,2000+,9,eng
technology,How to Do Nothing,Jenny Odell,2019,7,2000+,13,eng
technology,Human Anatomy,Elaine Nicpon Marieb,1992,34,1950-1999,38,eng
technology,ICT,Chris Abbott,2000,26,2000+,6,eng
technology,Ignited Minds,A. P. J. Abdul Kalam,2012,14,2000+,2,eng
technology,In the Beginning...Was the Command Line,Neal Stephenson,1999,27,1950-1999,10,ger
technology,Indistractable,Nir Eyal,2019,7,2000+,5,eng
technology,Industrial Society and Its Future,Theodore Kaczynski,1995,31,1950-1999,23,ita
technology,Information Technology for Management,Efraim Turban,2002,24,2000+,29,eng
technology,Inspired,Marty Cagan,2008,18,2000+,10,eng
technology,Introduction to Fluid Power,James L Johnson,2001,25,2000+,1,eng
technology,Introduction to electric circuits,Herbert W. Jackson,1959,67,1950-1999,25,eng
technology,Inviting Disaster,James R. Chiles,2001,25,2000+,12,eng
technology,Jejak pemikiran B.J. Habibie,B. J. Habibie,2010,16,2000+,1,ind
technology,"La era de la información, Vol. 1",Manuel Castells,1996,30,1950-1999,19,eng
technology,Life 3.0,Max Tegmark,2017,9,2000+,8,eng
technology,Machine design,Aaron D. Deutschman,1975,51,1950-1999,4,eng
technology,Managing engineering and technology,Lucy Morse,2006,20,2000+,11,eng
technology,Masters of Doom,David Kushner,2003,23,2000+,9,eng
technology,Medical laboratory technology,Matthew J. Lynch,1963,63,1950-1999,4,eng
technology,Mixing Engineer's Handbook - 5th Edition,Bobby Owsinski,2022,4,2000+,8,eng
technology,Modern Engineering Mathematics,Glyn James,1920,106,1900-1949,12,eng
technology,Networking for dummies,Doug Lowe,1994,32,1950-1999,9,eng
technology,Novacene,James Lovelock,2019,7,2000+,9,eng
technology,Only the paranoid survive,Andrew S. Grove,1996,30,1950-1999,4,eng
technology,Operating manual for spaceship earth,R. Buckminster Fuller,1969,57,1950-1999,16,eng
technology,Packaging design,Marianne R. Klimchuk,2006,20,2000+,10,eng
technology,Plastics materials,J. A. Brydson,1966,60,1950-1999,13,eng
technology,"Post harvest technology of cereals, pulses and oilseeds",Amalendu Chakraverty,1988,38,1950-1999,2,eng
technology,Power hydraulics,Michael J. Pinches,1988,38,1950-1999,2,eng
technology,Profiles of the future,Arthur C. Clarke,1962,64,1950-1999,20,eng
technology,R.U.R. and The insect play,Karel Čapek,1920,106,1900-1949,147,spa
technology,Rainbow six,Tom Clancy,1998,28,1950-1999,25,chi
technology,Red Storm Rising,Tom Clancy,1983,43,1950-1999,35,eng
technology,Rise of the Robots,Martin Ford,1708,318,Pre-1900,9,eng
technology,"Science, technology, and society",Robert E. McGinn,1991,35,1950-1999,1,eng
technology,Scientific and technical translation explained,Jody Byrne,2012,14,2000+,7,eng
technology,Sensory evaluation techniques,Morten Meilgaard,1987,39,1950-1999,23,eng
technology,Small Is Beautiful,E. F. Schumacher,1905,121,1900-1949,50,spa
technology,Soil mechanics,R. F. Craig,1978,48,1950-1999,15,eng
technology,Soonish,Kelly Weinersmith,2017,9,2000+,5,eng
technology,Stellar origins human ways,Genejane M. Adarlo,2011,15,2000+,1,eng
technology,Synthesis/Processing of Lightweight Metallic Materials,Unknown,1996,30,1950-1999,1,eng
technology,Teaching and learning with technology,Judy Lever-Duffy,2002,24,2000+,18,eng
technology,Techno-Feudalism,Yanis Varoufakis,2023,3,2000+,9,eng
technology,Technopoly,Neil Postman,1992,34,1950-1999,5,heb
technology,The Book,Hungry Minds,2022,4,2000+,2,spa
technology,The Circle,Dave Eggers,2013,13,2000+,38,ger
technology,The Day the Universe Changed,"Burke, James",1985,41,1950-1999,10,eng
technology,The Future Is Faster Than You Think,Peter H. Diamandis,2020,6,2000+,5,eng
technology,The Gutenberg Galaxy,Marshall McLuhan,1962,64,1950-1999,27,hun
technology,The Innovators,Walter Isaacson,2014,12,2000+,18,eng
technology,The Knowledge,Lewis Dartnell,2014,12,2000+,9,spa
technology,The Right Stuff,Tom Wolfe,1979,47,1950-1999,32,spa
technology,The Technological Society,Jacques Ellul,1964,62,1950-1999,4,eng
technology,The Way Things Work,David Macaulay,1988,38,1950-1999,26,chi
technology,The existential pleasures of engineering,Samuel C. Florman,1975,51,1950-1999,10,eng
technology,The fourth industrial revolution,Klaus Schwab,2017,9,2000+,1,eng
technology,The infrared handbook,Unknown,1978,48,1950-1999,1,eng
technology,The nature and properties of soils,Nyle C. Brady,1974,52,1950-1999,13,eng
technology,The processes of technological innovation,Louis G. Tornatzky,1990,36,1950-1999,1,eng
technology,The real world of technology,Ursula M. Franklin,1990,36,1950-1999,3,eng
technology,Timeline,Michael Crichton,1999,27,1950-1999,64,fre
technology,Toyota Production System,Taiichi Ohno,1988,38,1950-1999,6,eng
technology,Transactions on Engineering Technologies,Sio-Iong Ao,2013,13,2000+,40,eng
technology,Understanding automotive electronics,William B. Ribbens,1982,44,1950-1999,12,spa
technology,Wastewater treatment plants,Syed R. Qasim,1985,41,1950-1999,10,eng
technology,What technology wants,Kevin Kelly,2010,16,2000+,2,eng
technology,Who Owns the Future?,Jaron Lanier,2013,13,2000+,7,eng
technology,You are not a gadget,Jaron Lanier,2010,16,2000+,4,eng
technology,Zodiac,Neal Stephenson,1988,38,1950-1999,17,heb
technology,ההיסטוריה של המחר,Yuval Noah Harari,2015,11,2000+,35,eng
